<?xml version="1.0" encoding="UTF-8"?>
<!DOCTYPE mapper PUBLIC "-//mybatis.org//DTD Mapper 3.0//EN"
        "http://mybatis.org/dtd/mybatis-3-mapper.dtd">

<mapper namespace="com.spring01.model.insaDAO">


	<insert id="insertInsa" parameterType="insaVO" >
		insert into insa 
		(sabun, 
		join_day, 
		retire_day, 
		put_yn, 
		name,
		reg_no,
		eng_name,
		phone,
		hp,
		carrier,
		pos_gbn_code,
		cmp_reg_no,
		cmp_reg_image,
		sex,
		years,
		email,
		zip,
		addr1,
		addr2,
		dept_code,
		join_gbn_code,
		id,
		pwd,
		salary,
		kosa_reg_yn,
		kosa_class_code,
		mil_yn,
		mil_type,
		mil_level,
		mil_startdate,
		mil_enddate,
		join_type,
		gart_level,
		self_intro,
		crm_name,
		profile_image,
		carrier_image)
		
		values 		
		(#{sabun}, 
		#{joinday}, 
		#{retireday}, 
		#{putyn}, 
		#{name},
		#{regno},
		#{engname},
		#{phone},
		#{hp},
		#{carrier, jdbcType=VARCHAR},
		#{posgbncode},
		#{cmpregno},
		#{test01},
		#{sex},
		#{years},
		#{email},
		#{zip, jdbcType=INTEGER},
		#{addr1},
		#{addr2},
		#{deptcode},
		#{joingbncode},
		#{id},
		#{pwd},
		#{salary},
		#{kosaregyn},
		#{kosaclasscode},
		#{milyn},
		#{miltype},
		#{millevel},
		#{milstartdate},
		#{milenddate},
		#{jointype},
		#{gartlevel},
		#{selfintro},
		#{crmname},
		#{test02},
		#{test})
	</insert>
	

	
	<select id="sabunMax" resultType="int">
		select nvl(max(sabun)+1,1) AS sabun from insa
	</select>
	
	<select id="getInsa"  resultType="insaVO">
		select sabun, 
				name, 
				reg_no as regno, 
				hp, 
				pos_gbn_code as posgbncode, 
				join_day as joinday, 
				retire_day as retireday, 
				put_yn as putyn, 
				salary
			from insa
	</select>
	
	
	
	
	<!-- <select id="getKeyword" parameterType="PageObj"  resultType="insaVO"> -->
	<select id="getKeyword" parameterType="insaVO" resultType="insaVO">
	SELECT <!-- *
        FROM 
        (
        SELECT ROW_NUMBER() OVER(ORDER by sabun) AS
        row_num -->
        a.sabun
        ,a.name
        ,a.reg_no as regno 
        ,a.hp
        ,a.pos_gbn_code
        ,a.join_day as joinday
        ,a.retire_day as retireday
        ,a.put_yn
        ,TO_CHAR( a.salary , '999,999,999') as salary
        ,a.join_gbn_code
        ,a.join_type
        ,b.code
        ,b.name as posgbncode
        ,c.name as putyn
        ,c.code as ccode
        FROM insa a 
            left join insa_com b
            on a.pos_gbn_code = b.code
            left join insa_com c
            on a.put_yn = c.code
        where
		<if test =' sabun != null and sabun != " " ' >
		 a.sabun = #{sabun} and
        </if>
          a.name like '%'||#{name}||'%'       
         and nvl(a.join_type, ' ') like '%'||#{jointype}||'%'      
         and nvl(b.name, ' ') like '%'||#{posgbncode}||'%'      
         and nvl(a.join_day, ' ') like '%'||#{joinday}||'%'       
         and nvl(a.retire_day, ' ') like '%'||#{retireday}||'%'    
         and nvl(c.name, ' ') like '%'||#{putyn}||'%'
         and nvl(a.join_gbn_code, ' ') like '%'||#{joingbncode}||'%'    
 
        group by 
		    a.sabun, 
		    a.name, 
		    a.reg_no, 
		    a.hp, 
		    a.pos_gbn_code,
		    a.join_day,
		    a.retire_day,
		    a.put_yn,
		    a.salary,
		    b.code,
		    b.name,
		    c.code,
		    c.name, 
		    a.join_gbn_code,
		    a.join_type 
		order by sabun
       <!--  )
        WHERE 
        row_num BETWEEN #{beginRecord} AND #{endRecord} -->
		</select>
		
	<!-- <select id="totalCount" parameterType="PageObj" resultType="int"> -->
	<select id="totalCount" parameterType="insaVO" resultType="int">
		select count(*) from insa
		 where
		<if test =' sabun != null and sabun != " " ' >
		 sabun = #{sabun} and
        </if>
          name like '%'||#{name}||'%'       
         and nvl(join_type, ' ') like '%'||#{jointype}||'%'      
         and nvl(pos_gbn_code, ' ') like '%'||#{posgbncode}||'%'      
         and nvl(join_day, ' ') like '%'||#{joinday}||'%'       
         and nvl(retire_day, ' ') like '%'||#{retireday}||'%'    
         and nvl(put_yn, ' ') like '%'||#{putyn}||'%'
         and nvl(join_gbn_code, ' ') like '%'||#{joingbncode}||'%'    
	</select>
	  
	<!-- <select id="getKeyword" parameterType="insaVO" resultType="insaVO">
        select
        
		a.sabun
        ,a.name
        ,a.reg_no as regno 
        ,a.hp
        ,a.pos_gbn_code
        ,a.join_day as joinday
        ,a.retire_day as retireday
        ,a.put_yn
        ,TO_CHAR( a.salary , '999,999,999') as salary
        ,a.join_gbn_code
        ,a.join_type
        ,b.code
        ,b.name as posgbncode
        ,c.name as putyn
        ,c.code as ccode
        FROM insa a 
            left join insa_com b
            on a.pos_gbn_code = b.code
            left join insa_com c
            on a.put_yn = c.code
        where
		<if test =' sabun != null and sabun != " " ' >
		 a.sabun = #{sabun} and
        </if>
          a.name like '%'||#{name}||'%'       
         and nvl(a.join_type, ' ') like '%'||#{jointype}||'%'      
         and nvl(b.name, ' ') like '%'||#{posgbncode}||'%'      
         and nvl(a.join_day, ' ') like '%'||#{joinday}||'%'       
         and nvl(a.retire_day, ' ') like '%'||#{retireday}||'%'    
         and nvl(c.name, ' ') like '%'||#{putyn}||'%'
         and nvl(a.join_gbn_code, ' ') like '%'||#{joingbncode}||'%'    
        group by 
		    a.sabun, 
		    a.name, 
		    a.reg_no, 
		    a.hp, 
		    a.pos_gbn_code,
		    a.join_day,
		    a.retire_day,
		    a.put_yn,
		    a.salary,
		    b.code,
		    b.name,
		    c.code,
		    c.name, 
		    a.join_gbn_code,
		    a.join_type 
		  order by sabun
</select> -->
		  
		  

	   
	 <!-- <select id="getKeyword" parameterType="insaVO" resultType="insaVO">
        select 
           sabun, 
           name, 
           reg_no as regno, 
           hp, 
           pos_gbn_code as posgbncode,
           join_day as joinday,
           retire_day as retireday,
           put_yn as putyn,
           TO_CHAR(salary , '999,999,999') as salary
        from insa 
        <where>
        <if test =' sabun != null and sabun != " " ' >
         sabun like '%'||#{sabun}||'%' 
        </if>
        <if test="name!= null and name!=''">
            and name like '%'||#{name}||'%'
        </if>
        <if test ="regno != null and regno !=''" > 
          and reg_no like '%'||#{regno}||'%'
      </if>
      <if test ="hp != null and hp != ''" >
          and hp like '%'||#{hp}||'%'
      </if>
      <if test ="posgbncode != null and posgbncode != ''" >
          and pos_gbn_code like '%'||#{posgbncode}||'%'
      </if>
      <if test ="joinday != null and joinday != ''" >
          and join_day like '%'||#{joinday}||'%'
      </if>
      <if test ="retireday != null and retireday != ''" >
          and retire_day like '%'||#{retireday}||'%'
      </if>
      <if test ="putyn != null and putyn != ''" >
         and put_yn like '%'||#{putyn}||'%'
      </if>
      <if test ="salary != null and salary != ''" >
         and salary like '%'||#{salary}||'%'
      </if>
      </where>
       order by sabun   
   </select>-->
	
	

	
	<select id="getKeyword1" parameterType="PageObj" resultType="insaVO">
        select 
        	sabun, 
        	name, 
        	reg_no as regno, 
        	hp, 
        	pos_gbn_code as posgbncode,
        	join_day as joinday,
        	retire_day as retireday,
        	put_yn as putyn,
        	salary 
        from insa 
        <if test = "sabun != null">
        where ((sabun like '%'||#{sabun}||'%') 
		</if>
	</select>
	
	
	<insert id="insertFile" parameterType="FileVO">
	 <selectKey keyProperty="sabun" resultType="int" order="BEFORE">
	 	select MAX(sabun)
	 	from insa
	 </selectKey>
	insert into files(
	SABUN,
	FILENAME, 
	SAVEFILE, 
	FILEURL, 
	CARFILENAME, 
	CARSAVEFILE, 
	CARFILEURL, 
	CMPFILENAME, 
	CMPSAVEFILE, 
	CMPFILEURL
	 )
	 values(#{sabun},#{fileName},#{saveFile},#{fileUrl},
	 #{carfileName},#{carsaveFile},#{carfileUrl},
	 #{cmpfileName},#{cmpsaveFile},#{cmpfileUrl}
	 )
	</insert>
	
	
	
	
	
	
	<select id="joinGbnCode" parameterType="insaComVO" resultType="insaComVO">
		select * from insa_com where gubun = 'join_gbn_code'
	</select>

	<select id="sex" parameterType="insaComVO" resultType="insaComVO">
		select * from insa_com where gubun = 'sex'
	</select>
	
	<select id="posGbnCode" parameterType="insaComVO" resultType="insaComVO">
		select * from insa_com where gubun = 'pos_gbn_code'
	</select>

	<select id="deptCode" parameterType="insaComVO" resultType="insaComVO">
		select * from insa_com where gubun = 'dept_code'
	</select>
	
	<select id="joinType" parameterType="insaComVO" resultType="insaComVO">
		select * from insa_com where gubun = 'join_type'
	</select>

	<select id="gartLevel" parameterType="insaComVO" resultType="insaComVO">
		select * from insa_com where gubun = 'gart_level'
	</select>

	<select id="putYn" parameterType="insaComVO" resultType="insaComVO">
		select * from insa_com where gubun = 'put_yn'
	</select>

	<select id="milType" parameterType="insaComVO" resultType="insaComVO">
		select * from insa_com where gubun = 'mil_type'
	</select>
	
	<select id="milLevel" parameterType="insaComVO" resultType="insaComVO">
		select * from insa_com where gubun = 'mil_level'
	</select>
	
	<select id="kosaRegYn" parameterType="insaComVO" resultType="insaComVO">
		select * from insa_com where gubun = 'kosa_reg_yn'
	</select>
	
	<select id="kosaClassCode" parameterType="insaComVO" resultType="insaComVO">
		select * from insa_com where gubun = 'kosa_class_code'
	</select>
	
	<select id="insaModifyGET" resultType="insaVO" parameterType="insaVO">
		select a.SABUN sabun,
		a.JOIN_DAY joinday,
		a.RETIRE_DAY retireday,
		a.PUT_YN putyn,
		a.NAME name,
		a.REG_NO regno,
		a.ENG_NAME engname,
		a.PHONE phone,
		a.HP hp,
		a.CARRIER carrier,
		a.POS_GBN_CODE posgbncode,
		a.CMP_REG_NO cmpregno,
		a.CMP_REG_IMAGE cmpregimage,
		a.SEX as sex,
		a.YEARS years,
		a.EMAIL email,
		a.ZIP zip,
		a.ADDR1 addr1,
		a.ADDR2 addr2,
		a.DEPT_CODE deptcode,
		a.JOIN_GBN_CODE joingbncode,
		a.ID id,
		a.PWD pwd,
		TO_CHAR( a.SALARY , '999,999,999') salary,
		a.KOSA_REG_YN kosaregyn,
		a.KOSA_CLASS_CODE kosaclasscode,
		a.MIL_YN milyn,
		a.MIL_TYPE miltype,
		a.MIL_LEVEL millevel,
		a.MIL_STARTDATE milstartdate,
		a.MIL_ENDDATE milenddate,
		a.JOIN_TYPE jointype,
		a.GART_LEVEL gartlevel,
		a.SELF_INTRO selfintro,
		a.CRM_NAME crmname,
		a.PROFILE_IMAGE profileimage,
		a.CARRIER_IMAGE carrierimage,
		b.FILENAME fileName,
		b.SAVEFILE saveFile,
		b.FILEURL fileUrl,
		b.CARFILENAME carfileName,
		b.CARSAVEFILE carsaveFile,
		b.CARFILEURL carfileUrl,
		b.CMPFILENAME cmpfileName,
		b.CMPSAVEFILE cmpsaveFile,
		b.CMPFILEURL cmpfileUrl,
		b.SABUN sabun_0 from
        insa a
        left join files b
        on a.sabun = b.sabun
        where a.sabun = #{sabun}
	</select>
	
	<update id="memberModifyPOST" parameterType="insaVO">
        UPDATE insa
        SET 
        sabun = #{sabun}, 
		join_day = #{joinday}, 
		retire_day = #{retireday}, 
		put_yn = #{putyn}, 
		name = #{name},
		reg_no = #{regno},
		eng_name = #{engname},
		phone = #{phone},
		hp = #{hp},
		carrier = #{carrier},
		pos_gbn_code = #{posgbncode},
		cmp_reg_no = #{cmpregno},
		cmp_reg_image = #{test01},
		sex = #{sex},
		years = #{years},
		email = #{email},
		zip = #{zip},
		addr1 = #{addr1},
		addr2 = #{addr2},
		dept_code = #{deptcode},
		join_gbn_code = #{joingbncode},
		id = #{id},
		pwd = #{pwd},
		salary = #{salary},
		kosa_reg_yn = #{kosaregyn},
		kosa_class_code = #{kosaclasscode},
		mil_yn = #{milyn},
		mil_type = #{miltype},
		mil_level = #{millevel},
		mil_startdate = #{milstartdate},
		mil_enddate = #{milenddate},
		join_type = #{jointype},
		gart_level = #{gartlevel},
		self_intro = #{selfintro},
		crm_name = #{crmname},
		profile_image = #{test02},
		carrier_image = #{test}
        WHERE sabun = #{sabun}
 </update>

<delete id="boardDelete" parameterType="int">
	delete from insa
	where sabun = #{sabun}
</delete>




</mapper>